file,line,type,commit,author,date,time,timezone,datetime,depth,length
style.css,1,css,3e932f3a,Aryslanbek Vakilov,2025-10-17,16:43:23,-07:00,2025-10-17T16:43:23-07:00,0,38
style.css,2,css,d5efad79,Aryslanbek Vakilov,2025-10-17,16:36:52,-07:00,2025-10-17T16:36:52-07:00,0,0
style.css,3,css,d5efad79,Aryslanbek Vakilov,2025-10-17,16:36:52,-07:00,2025-10-17T16:36:52-07:00,0,40
style.css,4,css,d5efad79,Aryslanbek Vakilov,2025-10-17,16:36:52,-07:00,2025-10-17T16:36:52-07:00,0,5
style.css,5,css,d5efad79,Aryslanbek Vakilov,2025-10-17,16:36:52,-07:00,2025-10-17T16:36:52-07:00,0,6
style.css,6,css,d5efad79,Aryslanbek Vakilov,2025-10-17,16:36:52,-07:00,2025-10-17T16:36:52-07:00,1,16
style.css,7,css,d5efad79,Aryslanbek Vakilov,2025-10-17,16:36:52,-07:00,2025-10-17T16:36:52-07:00,0,0
style.css,8,css,d5efad79,Aryslanbek Vakilov,2025-10-17,16:36:52,-07:00,2025-10-17T16:36:52-07:00,0,0
style.css,9,css,d5efad79,Aryslanbek Vakilov,2025-10-17,16:36:52,-07:00,2025-10-17T16:36:52-07:00,0,45
style.css,10,css,d5efad79,Aryslanbek Vakilov,2025-10-17,16:36:52,-07:00,2025-10-17T16:36:52-07:00,0,3
style.css,11,css,d5efad79,Aryslanbek Vakilov,2025-10-17,16:36:52,-07:00,2025-10-17T16:36:52-07:00,1,12
style.css,12,css,d5efad79,Aryslanbek Vakilov,2025-10-17,16:36:52,-07:00,2025-10-17T16:36:52-07:00,1,62
style.css,13,css,d5efad79,Aryslanbek Vakilov,2025-10-17,16:36:52,-07:00,2025-10-17T16:36:52-07:00,1,18
style.css,14,css,d5efad79,Aryslanbek Vakilov,2025-10-17,16:36:52,-07:00,2025-10-17T16:36:52-07:00,1,44
style.css,15,css,d5efad79,Aryslanbek Vakilov,2025-10-17,16:36:52,-07:00,2025-10-17T16:36:52-07:00,1,66
style.css,16,css,d5efad79,Aryslanbek Vakilov,2025-10-17,16:36:52,-07:00,2025-10-17T16:36:52-07:00,1,33
style.css,17,css,d5efad79,Aryslanbek Vakilov,2025-10-17,16:36:52,-07:00,2025-10-17T16:36:52-07:00,0,0
style.css,18,css,d5efad79,Aryslanbek Vakilov,2025-10-17,16:36:52,-07:00,2025-10-17T16:36:52-07:00,0,0
style.css,19,css,d5efad79,Aryslanbek Vakilov,2025-10-17,16:36:52,-07:00,2025-10-17T16:36:52-07:00,0,44
style.css,20,css,d5efad79,Aryslanbek Vakilov,2025-10-17,16:36:52,-07:00,2025-10-17T16:36:52-07:00,0,5
style.css,21,css,d5efad79,Aryslanbek Vakilov,2025-10-17,16:36:52,-07:00,2025-10-17T16:36:52-07:00,1,6
style.css,22,css,d5efad79,Aryslanbek Vakilov,2025-10-17,16:36:52,-07:00,2025-10-17T16:36:52-07:00,1,17
style.css,23,css,d5efad79,Aryslanbek Vakilov,2025-10-17,16:36:52,-07:00,2025-10-17T16:36:52-07:00,1,43
style.css,24,css,d5efad79,Aryslanbek Vakilov,2025-10-17,16:36:52,-07:00,2025-10-17T16:36:52-07:00,1,38
style.css,25,css,d5efad79,Aryslanbek Vakilov,2025-10-17,16:36:52,-07:00,2025-10-17T16:36:52-07:00,1,15
style.css,26,css,d5efad79,Aryslanbek Vakilov,2025-10-17,16:36:52,-07:00,2025-10-17T16:36:52-07:00,1,15
style.css,27,css,d5efad79,Aryslanbek Vakilov,2025-10-17,16:36:52,-07:00,2025-10-17T16:36:52-07:00,0,0
style.css,28,css,d5efad79,Aryslanbek Vakilov,2025-10-17,16:36:52,-07:00,2025-10-17T16:36:52-07:00,0,0
style.css,29,css,d5efad79,Aryslanbek Vakilov,2025-10-17,16:36:52,-07:00,2025-10-17T16:36:52-07:00,0,45
style.css,30,css,d5efad79,Aryslanbek Vakilov,2025-10-17,16:36:52,-07:00,2025-10-17T16:36:52-07:00,0,11
style.css,31,css,d5efad79,Aryslanbek Vakilov,2025-10-17,16:36:52,-07:00,2025-10-17T16:36:52-07:00,1,34
style.css,32,css,d5efad79,Aryslanbek Vakilov,2025-10-17,16:36:52,-07:00,2025-10-17T16:36:52-07:00,0,0
style.css,33,css,d5efad79,Aryslanbek Vakilov,2025-10-17,16:36:52,-07:00,2025-10-17T16:36:52-07:00,0,0
style.css,34,css,d5efad79,Aryslanbek Vakilov,2025-10-17,16:36:52,-07:00,2025-10-17T16:36:52-07:00,0,35
style.css,35,css,d5efad79,Aryslanbek Vakilov,2025-10-17,16:36:52,-07:00,2025-10-17T16:36:52-07:00,0,13
style.css,36,css,d5efad79,Aryslanbek Vakilov,2025-10-17,16:36:52,-07:00,2025-10-17T16:36:52-07:00,1,43
style.css,37,css,d5efad79,Aryslanbek Vakilov,2025-10-17,16:36:52,-07:00,2025-10-17T16:36:52-07:00,1,65
style.css,38,css,d5efad79,Aryslanbek Vakilov,2025-10-17,16:36:52,-07:00,2025-10-17T16:36:52-07:00,1,16
style.css,39,css,d5efad79,Aryslanbek Vakilov,2025-10-17,16:36:52,-07:00,2025-10-17T16:36:52-07:00,0,0
style.css,40,css,d5efad79,Aryslanbek Vakilov,2025-10-17,16:36:52,-07:00,2025-10-17T16:36:52-07:00,0,0
style.css,41,css,d5efad79,Aryslanbek Vakilov,2025-10-17,16:36:52,-07:00,2025-10-17T16:36:52-07:00,0,51
style.css,42,css,d5efad79,Aryslanbek Vakilov,2025-10-17,16:36:52,-07:00,2025-10-17T16:36:52-07:00,0,4
style.css,43,css,d5efad79,Aryslanbek Vakilov,2025-10-17,16:36:52,-07:00,2025-10-17T16:36:52-07:00,1,35
style.css,44,css,d5efad79,Aryslanbek Vakilov,2025-10-17,16:36:52,-07:00,2025-10-17T16:36:52-07:00,1,21
style.css,45,css,d5efad79,Aryslanbek Vakilov,2025-10-17,16:36:52,-07:00,2025-10-17T16:36:52-07:00,1,10
style.css,46,css,d5efad79,Aryslanbek Vakilov,2025-10-17,16:36:52,-07:00,2025-10-17T16:36:52-07:00,0,0
style.css,47,css,06815485,Aryslanbek Vakilov,2025-10-31,17:06:33,-07:00,2025-10-31T17:06:33-07:00,0,0
style.css,48,css,06815485,Aryslanbek Vakilov,2025-10-31,17:06:33,-07:00,2025-10-31T17:06:33-07:00,0,18
style.css,49,css,06815485,Aryslanbek Vakilov,2025-10-31,17:06:33,-07:00,2025-10-31T17:06:33-07:00,1,14
style.css,50,css,06815485,Aryslanbek Vakilov,2025-10-31,17:06:33,-07:00,2025-10-31T17:06:33-07:00,1,16
style.css,51,css,06815485,Aryslanbek Vakilov,2025-10-31,17:06:33,-07:00,2025-10-31T17:06:33-07:00,0,0
style.css,52,css,06815485,Aryslanbek Vakilov,2025-10-31,17:06:33,-07:00,2025-10-31T17:06:33-07:00,1,16
style.css,53,css,06815485,Aryslanbek Vakilov,2025-10-31,17:06:33,-07:00,2025-10-31T17:06:33-07:00,0,0
resume.html,1,html,2e3b21cd,Aryslanbek Vakilov,2025-10-17,11:29:31,-07:00,2025-10-17T11:29:31-07:00,0,13
resume.html,2,html,2e3b21cd,Aryslanbek Vakilov,2025-10-17,11:29:31,-07:00,2025-10-17T11:29:31-07:00,0,4
resume.html,3,html,2e3b21cd,Aryslanbek Vakilov,2025-10-17,11:29:31,-07:00,2025-10-17T11:29:31-07:00,0,4
resume.html,4,html,2e3b21cd,Aryslanbek Vakilov,2025-10-17,11:29:31,-07:00,2025-10-17T11:29:31-07:00,1,40
resume.html,5,html,2e3b21cd,Aryslanbek Vakilov,2025-10-17,11:29:31,-07:00,2025-10-17T11:29:31-07:00,1,38
resume.html,6,html,2e3b21cd,Aryslanbek Vakilov,2025-10-17,11:29:31,-07:00,2025-10-17T11:29:31-07:00,0,5
resume.html,7,html,2e3b21cd,Aryslanbek Vakilov,2025-10-17,11:29:31,-07:00,2025-10-17T11:29:31-07:00,0,4
resume.html,8,html,2e3b21cd,Aryslanbek Vakilov,2025-10-17,11:29:31,-07:00,2025-10-17T11:29:31-07:00,1,3
resume.html,9,html,2e3b21cd,Aryslanbek Vakilov,2025-10-17,11:29:31,-07:00,2025-10-17T11:29:31-07:00,2,27
resume.html,10,html,2e3b21cd,Aryslanbek Vakilov,2025-10-17,11:29:31,-07:00,2025-10-17T11:29:31-07:00,2,40
resume.html,11,html,2e3b21cd,Aryslanbek Vakilov,2025-10-17,11:29:31,-07:00,2025-10-17T11:29:31-07:00,2,38
resume.html,12,html,2e3b21cd,Aryslanbek Vakilov,2025-10-17,11:29:31,-07:00,2025-10-17T11:29:31-07:00,2,59
resume.html,13,html,2e3b21cd,Aryslanbek Vakilov,2025-10-17,11:29:31,-07:00,2025-10-17T11:29:31-07:00,1,4
resume.html,14,html,2e3b21cd,Aryslanbek Vakilov,2025-10-17,11:29:31,-07:00,2025-10-17T11:29:31-07:00,0,0
resume.html,15,html,2e3b21cd,Aryslanbek Vakilov,2025-10-17,11:29:31,-07:00,2025-10-17T11:29:31-07:00,1,34
resume.html,16,html,2e3b21cd,Aryslanbek Vakilov,2025-10-17,11:29:31,-07:00,2025-10-17T11:29:31-07:00,0,0
resume.html,17,html,2e3b21cd,Aryslanbek Vakilov,2025-10-17,11:29:31,-07:00,2025-10-17T11:29:31-07:00,1,7
resume.html,18,html,2e3b21cd,Aryslanbek Vakilov,2025-10-17,11:29:31,-07:00,2025-10-17T11:29:31-07:00,2,16
resume.html,19,html,2e3b21cd,Aryslanbek Vakilov,2025-10-17,11:29:31,-07:00,2025-10-17T11:29:31-07:00,2,59
resume.html,20,html,2e3b21cd,Aryslanbek Vakilov,2025-10-17,11:29:31,-07:00,2025-10-17T11:29:31-07:00,2,22
resume.html,21,html,2e3b21cd,Aryslanbek Vakilov,2025-10-17,11:29:31,-07:00,2025-10-17T11:29:31-07:00,1,8
resume.html,22,html,2e3b21cd,Aryslanbek Vakilov,2025-10-17,11:29:31,-07:00,2025-10-17T11:29:31-07:00,0,0
resume.html,23,html,2e3b21cd,Aryslanbek Vakilov,2025-10-17,11:29:31,-07:00,2025-10-17T11:29:31-07:00,1,7
resume.html,24,html,2e3b21cd,Aryslanbek Vakilov,2025-10-17,11:29:31,-07:00,2025-10-17T11:29:31-07:00,2,22
resume.html,25,html,2e3b21cd,Aryslanbek Vakilov,2025-10-17,11:29:31,-07:00,2025-10-17T11:29:31-07:00,2,64
resume.html,26,html,2e3b21cd,Aryslanbek Vakilov,2025-10-17,11:29:31,-07:00,2025-10-17T11:29:31-07:00,2,25
resume.html,27,html,2e3b21cd,Aryslanbek Vakilov,2025-10-17,11:29:31,-07:00,2025-10-17T11:29:31-07:00,2,88
resume.html,28,html,2e3b21cd,Aryslanbek Vakilov,2025-10-17,11:29:31,-07:00,2025-10-17T11:29:31-07:00,1,8
resume.html,29,html,2e3b21cd,Aryslanbek Vakilov,2025-10-17,11:29:31,-07:00,2025-10-17T11:29:31-07:00,0,0
resume.html,30,html,2e3b21cd,Aryslanbek Vakilov,2025-10-17,11:29:31,-07:00,2025-10-17T11:29:31-07:00,1,7
resume.html,31,html,2e3b21cd,Aryslanbek Vakilov,2025-10-17,11:29:31,-07:00,2025-10-17T11:29:31-07:00,2,13
resume.html,32,html,2e3b21cd,Aryslanbek Vakilov,2025-10-17,11:29:31,-07:00,2025-10-17T11:29:31-07:00,2,90
resume.html,33,html,2e3b21cd,Aryslanbek Vakilov,2025-10-17,11:29:31,-07:00,2025-10-17T11:29:31-07:00,1,8
resume.html,34,html,2e3b21cd,Aryslanbek Vakilov,2025-10-17,11:29:31,-07:00,2025-10-17T11:29:31-07:00,0,0
resume.html,35,html,2e3b21cd,Aryslanbek Vakilov,2025-10-17,11:29:31,-07:00,2025-10-17T11:29:31-07:00,1,7
resume.html,36,html,2e3b21cd,Aryslanbek Vakilov,2025-10-17,11:29:31,-07:00,2025-10-17T11:29:31-07:00,2,21
resume.html,37,html,2e3b21cd,Aryslanbek Vakilov,2025-10-17,11:29:31,-07:00,2025-10-17T11:29:31-07:00,2,51
resume.html,38,html,2e3b21cd,Aryslanbek Vakilov,2025-10-17,11:29:31,-07:00,2025-10-17T11:29:31-07:00,2,55
resume.html,39,html,2e3b21cd,Aryslanbek Vakilov,2025-10-17,11:29:31,-07:00,2025-10-17T11:29:31-07:00,1,8
resume.html,40,html,2e3b21cd,Aryslanbek Vakilov,2025-10-17,11:29:31,-07:00,2025-10-17T11:29:31-07:00,0,0
resume.html,41,html,2e3b21cd,Aryslanbek Vakilov,2025-10-17,11:29:31,-07:00,2025-10-17T11:29:31-07:00,0,5
resume.html,42,html,2e3b21cd,Aryslanbek Vakilov,2025-10-17,11:29:31,-07:00,2025-10-17T11:29:31-07:00,0,5
resume.html,43,html,00000000,Not Committed Yet,2025-11-07,16:24:03,-08:00,2025-11-07T16:24:03-08:00,0,0
resume.html,44,html,00000000,Not Committed Yet,2025-11-07,16:24:03,-08:00,2025-11-07T16:24:03-08:00,0,13
resume.html,45,html,00000000,Not Committed Yet,2025-11-07,16:24:03,-08:00,2025-11-07T16:24:03-08:00,0,14
resume.html,46,html,00000000,Not Committed Yet,2025-11-07,16:24:03,-08:00,2025-11-07T16:24:03-08:00,0,4
resume.html,47,html,00000000,Not Committed Yet,2025-11-07,16:24:03,-08:00,2025-11-07T16:24:03-08:00,1,20
resume.html,48,html,00000000,Not Committed Yet,2025-11-07,16:24:03,-08:00,2025-11-07T16:24:03-08:00,1,68
resume.html,49,html,00000000,Not Committed Yet,2025-11-07,16:24:03,-08:00,2025-11-07T16:24:03-08:00,1,24
resume.html,50,html,00000000,Not Committed Yet,2025-11-07,16:24:03,-08:00,2025-11-07T16:24:03-08:00,1,50
resume.html,51,html,00000000,Not Committed Yet,2025-11-07,16:24:03,-08:00,2025-11-07T16:24:03-08:00,1,5
resume.html,52,html,00000000,Not Committed Yet,2025-11-07,16:24:03,-08:00,2025-11-07T16:24:03-08:00,2,83
resume.html,53,html,00000000,Not Committed Yet,2025-11-07,16:24:03,-08:00,2025-11-07T16:24:03-08:00,2,28
resume.html,54,html,00000000,Not Committed Yet,2025-11-07,16:24:03,-08:00,2025-11-07T16:24:03-08:00,2,103
resume.html,55,html,00000000,Not Committed Yet,2025-11-07,16:24:03,-08:00,2025-11-07T16:24:03-08:00,2,23
resume.html,56,html,00000000,Not Committed Yet,2025-11-07,16:24:03,-08:00,2025-11-07T16:24:03-08:00,2,67
resume.html,57,html,00000000,Not Committed Yet,2025-11-07,16:24:03,-08:00,2025-11-07T16:24:03-08:00,1,6
resume.html,58,html,00000000,Not Committed Yet,2025-11-07,16:24:03,-08:00,2025-11-07T16:24:03-08:00,1,41
resume.html,59,html,00000000,Not Committed Yet,2025-11-07,16:24:03,-08:00,2025-11-07T16:24:03-08:00,1,34
resume.html,60,html,00000000,Not Committed Yet,2025-11-07,16:24:03,-08:00,2025-11-07T16:24:03-08:00,0,5
resume.html,61,html,00000000,Not Committed Yet,2025-11-07,16:24:03,-08:00,2025-11-07T16:24:03-08:00,0,0
resume.html,62,html,00000000,Not Committed Yet,2025-11-07,16:24:03,-08:00,2025-11-07T16:24:03-08:00,0,4
resume.html,63,html,00000000,Not Committed Yet,2025-11-07,16:24:03,-08:00,2025-11-07T16:24:03-08:00,1,18
resume.html,64,html,00000000,Not Committed Yet,2025-11-07,16:24:03,-08:00,2025-11-07T16:24:03-08:00,1,52
resume.html,65,html,00000000,Not Committed Yet,2025-11-07,16:24:03,-08:00,2025-11-07T16:24:03-08:00,2,68
resume.html,66,html,00000000,Not Committed Yet,2025-11-07,16:24:03,-08:00,2025-11-07T16:24:03-08:00,1,4
resume.html,67,html,00000000,Not Committed Yet,2025-11-07,16:24:03,-08:00,2025-11-07T16:24:03-08:00,0,5
resume.html,68,html,00000000,Not Committed Yet,2025-11-07,16:24:03,-08:00,2025-11-07T16:24:03-08:00,0,5
index.js,1,js,85cef057,Aryslanbek Vakilov,2025-10-31,16:46:58,-07:00,2025-10-31T16:46:58-07:00,0,71
index.js,2,js,85cef057,Aryslanbek Vakilov,2025-10-31,16:46:58,-07:00,2025-10-31T16:46:58-07:00,0,54
index.js,3,js,85cef057,Aryslanbek Vakilov,2025-10-31,16:46:58,-07:00,2025-10-31T16:46:58-07:00,0,42
index.js,4,js,85cef057,Aryslanbek Vakilov,2025-10-31,16:46:58,-07:00,2025-10-31T16:46:58-07:00,0,60
index.js,5,js,85cef057,Aryslanbek Vakilov,2025-10-31,16:46:58,-07:00,2025-10-31T16:46:58-07:00,0,60
index.html,1,html,702bfc1f,Aryslanbek Vakilov,2025-10-09,23:50:30,-07:00,2025-10-09T23:50:30-07:00,0,13
index.html,2,html,702bfc1f,Aryslanbek Vakilov,2025-10-09,23:50:30,-07:00,2025-10-09T23:50:30-07:00,0,14
index.html,3,html,702bfc1f,Aryslanbek Vakilov,2025-10-09,23:50:30,-07:00,2025-10-09T23:50:30-07:00,0,4
index.html,4,html,702bfc1f,Aryslanbek Vakilov,2025-10-09,23:50:30,-07:00,2025-10-09T23:50:30-07:00,1,22
index.html,5,html,702bfc1f,Aryslanbek Vakilov,2025-10-09,23:50:30,-07:00,2025-10-09T23:50:30-07:00,1,70
index.html,6,html,702bfc1f,Aryslanbek Vakilov,2025-10-09,23:50:30,-07:00,2025-10-09T23:50:30-07:00,1,60
index.html,7,html,49ca2e7a,Aryslanbek Vakilov,2025-10-17,17:00:04,-07:00,2025-10-17T17:00:04-07:00,1,39
index.html,8,html,ae79b51d,Aryslanbek Vakilov,2025-10-17,16:53:27,-07:00,2025-10-17T16:53:27-07:00,1,51
index.html,9,html,702bfc1f,Aryslanbek Vakilov,2025-10-09,23:50:30,-07:00,2025-10-09T23:50:30-07:00,0,5
index.html,10,html,702bfc1f,Aryslanbek Vakilov,2025-10-09,23:50:30,-07:00,2025-10-09T23:50:30-07:00,0,4
index.html,11,html,702bfc1f,Aryslanbek Vakilov,2025-10-09,23:50:30,-07:00,2025-10-09T23:50:30-07:00,1,25
index.html,12,html,702bfc1f,Aryslanbek Vakilov,2025-10-09,23:50:30,-07:00,2025-10-09T23:50:30-07:00,1,157
index.html,13,html,025ae115,Aryslanbek Vakilov,2025-10-10,14:32:57,-07:00,2025-10-10T14:32:57-07:00,1,3
index.html,14,html,e85a22e8,Aryslanbek Vakilov,2025-10-17,17:18:49,-07:00,2025-10-17T17:18:49-07:00,3,2
index.html,15,html,22f86204,Aryslanbek Vakilov,2025-11-07,15:45:35,-08:00,2025-11-07T15:45:35-08:00,4,44
index.html,16,html,271003cf,Aryslanbek Vakilov,2025-10-10,15:15:59,-07:00,2025-10-10T15:15:59-07:00,4,36
index.html,17,html,271003cf,Aryslanbek Vakilov,2025-10-10,15:15:59,-07:00,2025-10-10T15:15:59-07:00,4,49
index.html,18,html,271003cf,Aryslanbek Vakilov,2025-10-10,15:15:59,-07:00,2025-10-10T15:15:59-07:00,4,31
index.html,19,html,271003cf,Aryslanbek Vakilov,2025-10-10,15:15:59,-07:00,2025-10-10T15:15:59-07:00,4,47
index.html,20,html,271003cf,Aryslanbek Vakilov,2025-10-10,15:15:59,-07:00,2025-10-10T15:15:59-07:00,4,55
index.html,21,html,271003cf,Aryslanbek Vakilov,2025-10-10,15:15:59,-07:00,2025-10-10T15:15:59-07:00,3,3
index.html,22,html,e85a22e8,Aryslanbek Vakilov,2025-10-17,17:18:49,-07:00,2025-10-17T17:18:49-07:00,3,0
index.html,23,html,025ae115,Aryslanbek Vakilov,2025-10-10,14:32:57,-07:00,2025-10-10T14:32:57-07:00,1,4
index.html,24,html,025ae115,Aryslanbek Vakilov,2025-10-10,14:32:57,-07:00,2025-10-10T14:32:57-07:00,0,0
index.html,25,html,025ae115,Aryslanbek Vakilov,2025-10-10,14:32:57,-07:00,2025-10-10T14:32:57-07:00,1,4
index.html,26,html,5dddc34d,Aryslanbek Vakilov,2025-10-10,15:00:41,-07:00,2025-10-10T15:00:41-07:00,1,0
index.html,27,html,025ae115,Aryslanbek Vakilov,2025-10-10,14:32:57,-07:00,2025-10-10T14:32:57-07:00,1,5
index.html,28,html,481262bb,Aryslanbek Vakilov,2025-10-10,00:03:01,-07:00,2025-10-10T00:03:01-07:00,0,5
index.html,29,html,481262bb,Aryslanbek Vakilov,2025-10-10,00:03:01,-07:00,2025-10-10T00:03:01-07:00,0,0
index.html,30,html,702bfc1f,Aryslanbek Vakilov,2025-10-09,23:50:30,-07:00,2025-10-09T23:50:30-07:00,0,5
global.js,1,js,a605d0d2,Aryslanbek Vakilov,2025-10-17,16:19:37,-07:00,2025-10-17T16:19:37-07:00,0,25
global.js,2,js,a605d0d2,Aryslanbek Vakilov,2025-10-17,16:19:37,-07:00,2025-10-17T16:19:37-07:00,0,0
global.js,3,js,a605d0d2,Aryslanbek Vakilov,2025-10-17,16:19:37,-07:00,2025-10-17T16:19:37-07:00,0,41
global.js,4,js,a605d0d2,Aryslanbek Vakilov,2025-10-17,16:19:37,-07:00,2025-10-17T16:19:37-07:00,1,52
global.js,5,js,a51e701c,Aryslanbek Vakilov,2025-10-17,17:11:22,-07:00,2025-10-17T17:11:22-07:00,0,0
global.js,6,js,a51e701c,Aryslanbek Vakilov,2025-10-17,17:11:22,-07:00,2025-10-17T17:11:22-07:00,0,0
global.js,7,js,a51e701c,Aryslanbek Vakilov,2025-10-17,17:11:22,-07:00,2025-10-17T17:11:22-07:00,0,27
global.js,8,js,a51e701c,Aryslanbek Vakilov,2025-10-17,17:11:22,-07:00,2025-10-17T17:11:22-07:00,0,0
global.js,9,js,a51e701c,Aryslanbek Vakilov,2025-10-17,17:11:22,-07:00,2025-10-17T17:11:22-07:00,0,30
global.js,10,js,a51e701c,Aryslanbek Vakilov,2025-10-17,17:11:22,-07:00,2025-10-17T17:11:22-07:00,1,65
global.js,11,js,a51e701c,Aryslanbek Vakilov,2025-10-17,17:11:22,-07:00,2025-10-17T17:11:22-07:00,0,0
global.js,12,js,a51e701c,Aryslanbek Vakilov,2025-10-17,17:11:22,-07:00,2025-10-17T17:11:22-07:00,0,0
global.js,13,js,a51e701c,Aryslanbek Vakilov,2025-10-17,17:11:22,-07:00,2025-10-17T17:11:22-07:00,0,16
global.js,14,js,a51e701c,Aryslanbek Vakilov,2025-10-17,17:11:22,-07:00,2025-10-17T17:11:22-07:00,1,35
global.js,15,js,4814af75,Aryslanbek Vakilov,2025-10-24,17:13:42,-07:00,2025-10-24T17:13:42-07:00,0,0
global.js,16,js,4814af75,Aryslanbek Vakilov,2025-10-24,17:13:42,-07:00,2025-10-24T17:13:42-07:00,0,0
global.js,17,js,4814af75,Aryslanbek Vakilov,2025-10-24,17:13:42,-07:00,2025-10-24T17:13:42-07:00,0,36
global.js,18,js,4814af75,Aryslanbek Vakilov,2025-10-24,17:13:42,-07:00,2025-10-24T17:13:42-07:00,1,3
global.js,19,js,4814af75,Aryslanbek Vakilov,2025-10-24,17:13:42,-07:00,2025-10-24T17:13:42-07:00,2,39
global.js,20,js,4814af75,Aryslanbek Vakilov,2025-10-24,17:13:42,-07:00,2025-10-24T17:13:42-07:00,2,32
global.js,21,js,4814af75,Aryslanbek Vakilov,2025-10-24,17:13:42,-07:00,2025-10-24T17:13:42-07:00,2,17
global.js,22,js,4814af75,Aryslanbek Vakilov,2025-10-24,17:13:42,-07:00,2025-10-24T17:13:42-07:00,3,66
global.js,23,js,4814af75,Aryslanbek Vakilov,2025-10-24,17:13:42,-07:00,2025-10-24T17:13:42-07:00,2,0
global.js,24,js,4814af75,Aryslanbek Vakilov,2025-10-24,17:13:42,-07:00,2025-10-24T17:13:42-07:00,2,33
global.js,25,js,4814af75,Aryslanbek Vakilov,2025-10-24,17:13:42,-07:00,2025-10-24T17:13:42-07:00,2,10
global.js,26,js,4814af75,Aryslanbek Vakilov,2025-10-24,17:13:42,-07:00,2025-10-24T17:13:42-07:00,1,15
global.js,27,js,4814af75,Aryslanbek Vakilov,2025-10-24,17:13:42,-07:00,2025-10-24T17:13:42-07:00,2,59
global.js,28,js,4814af75,Aryslanbek Vakilov,2025-10-24,17:13:42,-07:00,2025-10-24T17:13:42-07:00,1,0
global.js,29,js,4814af75,Aryslanbek Vakilov,2025-10-24,17:13:42,-07:00,2025-10-24T17:13:42-07:00,0,0
global.js,30,js,7cae6d6d,Aryslanbek Vakilov,2025-10-24,17:34:11,-07:00,2025-10-24T17:34:11-07:00,0,78
global.js,31,js,7cae6d6d,Aryslanbek Vakilov,2025-10-24,17:34:11,-07:00,2025-10-24T17:34:11-07:00,1,23
global.js,32,js,7cae6d6d,Aryslanbek Vakilov,2025-10-24,17:34:11,-07:00,2025-10-24T17:34:11-07:00,1,30
global.js,33,js,7cae6d6d,Aryslanbek Vakilov,2025-10-24,17:34:11,-07:00,2025-10-24T17:34:11-07:00,1,48
global.js,34,js,7cae6d6d,Aryslanbek Vakilov,2025-10-24,17:34:11,-07:00,2025-10-24T17:34:11-07:00,1,19
global.js,35,js,7cae6d6d,Aryslanbek Vakilov,2025-10-24,17:34:11,-07:00,2025-10-24T17:34:11-07:00,2,23
global.js,36,js,7cae6d6d,Aryslanbek Vakilov,2025-10-24,17:34:11,-07:00,2025-10-24T17:34:11-07:00,2,49
global.js,37,js,7cae6d6d,Aryslanbek Vakilov,2025-10-24,17:34:11,-07:00,2025-10-24T17:34:11-07:00,2,27
global.js,38,js,7cae6d6d,Aryslanbek Vakilov,2025-10-24,17:34:11,-07:00,2025-10-24T17:34:11-07:00,0,0
global.js,39,js,7cae6d6d,Aryslanbek Vakilov,2025-10-24,17:34:11,-07:00,2025-10-24T17:34:11-07:00,0,36
global.js,40,js,7cae6d6d,Aryslanbek Vakilov,2025-10-24,17:34:11,-07:00,2025-10-24T17:34:11-07:00,0,0
global.js,41,js,7cae6d6d,Aryslanbek Vakilov,2025-10-24,17:34:11,-07:00,2025-10-24T17:34:11-07:00,0,0
projects/projects.js,1,js,6d1b3973,Aryslanbek Vakilov,2025-10-31,23:15:23,-07:00,2025-10-31T23:15:23-07:00,0,63
projects/projects.js,2,js,6d1b3973,Aryslanbek Vakilov,2025-10-31,23:15:23,-07:00,2025-10-31T23:15:23-07:00,0,0
projects/projects.js,3,js,6d1b3973,Aryslanbek Vakilov,2025-10-31,23:15:23,-07:00,2025-10-31T23:15:23-07:00,0,12
projects/projects.js,4,js,6d1b3973,Aryslanbek Vakilov,2025-10-31,23:15:23,-07:00,2025-10-31T23:15:23-07:00,1,23
projects/projects.js,5,js,6d1b3973,Aryslanbek Vakilov,2025-10-31,23:15:23,-07:00,2025-10-31T23:15:23-07:00,1,23
projects/projects.js,6,js,6d1b3973,Aryslanbek Vakilov,2025-10-31,23:15:23,-07:00,2025-10-31T23:15:23-07:00,1,23
projects/projects.js,7,js,6d1b3973,Aryslanbek Vakilov,2025-10-31,23:15:23,-07:00,2025-10-31T23:15:23-07:00,1,23
projects/projects.js,8,js,6d1b3973,Aryslanbek Vakilov,2025-10-31,23:15:23,-07:00,2025-10-31T23:15:23-07:00,0,0
projects/projects.js,9,js,6d1b3973,Aryslanbek Vakilov,2025-10-31,23:15:23,-07:00,2025-10-31T23:15:23-07:00,0,0
projects/projects.js,10,js,d6e4dd85,Aryslanbek Vakilov,2025-10-31,23:26:09,-07:00,2025-10-31T23:26:09-07:00,0,15
projects/projects.js,11,js,d6e4dd85,Aryslanbek Vakilov,2025-10-31,23:26:09,-07:00,2025-10-31T23:26:09-07:00,1,13
projects/projects.js,12,js,6d1b3973,Aryslanbek Vakilov,2025-10-31,23:15:23,-07:00,2025-10-31T23:15:23-07:00,1,28
projects/projects.js,13,js,d6e4dd85,Aryslanbek Vakilov,2025-10-31,23:26:09,-07:00,2025-10-31T23:26:09-07:00,1,51
projects/projects.js,14,js,6d1b3973,Aryslanbek Vakilov,2025-10-31,23:15:23,-07:00,2025-10-31T23:15:23-07:00,0,0
projects/projects.js,15,js,6d1b3973,Aryslanbek Vakilov,2025-10-31,23:15:23,-07:00,2025-10-31T23:15:23-07:00,0,16
projects/projects.js,16,js,6d1b3973,Aryslanbek Vakilov,2025-10-31,23:15:23,-07:00,2025-10-31T23:15:23-07:00,0,17
projects/projects.js,17,js,6d1b3973,Aryslanbek Vakilov,2025-10-31,23:15:23,-07:00,2025-10-31T23:15:23-07:00,0,41
projects/projects.js,18,js,844097cd,Aryslanbek Vakilov,2025-10-31,17:37:32,-07:00,2025-10-31T17:37:32-07:00,0,0
projects/projects.js,19,js,844097cd,Aryslanbek Vakilov,2025-10-31,17:37:32,-07:00,2025-10-31T17:37:32-07:00,0,12
projects/projects.js,20,js,6d1b3973,Aryslanbek Vakilov,2025-10-31,23:15:23,-07:00,2025-10-31T23:15:23-07:00,1,27
projects/projects.js,21,js,6d1b3973,Aryslanbek Vakilov,2025-10-31,23:15:23,-07:00,2025-10-31T23:15:23-07:00,1,19
projects/projects.js,22,js,6d1b3973,Aryslanbek Vakilov,2025-10-31,23:15:23,-07:00,2025-10-31T23:15:23-07:00,1,21
projects/projects.js,23,js,6d1b3973,Aryslanbek Vakilov,2025-10-31,23:15:23,-07:00,2025-10-31T23:15:23-07:00,1,10
projects/projects.js,24,js,6d1b3973,Aryslanbek Vakilov,2025-10-31,23:15:23,-07:00,2025-10-31T23:15:23-07:00,1,59
projects/projects.js,25,js,844097cd,Aryslanbek Vakilov,2025-10-31,17:37:32,-07:00,2025-10-31T17:37:32-07:00,0,0
projects/projects.js,26,js,6d1b3973,Aryslanbek Vakilov,2025-10-31,23:15:23,-07:00,2025-10-31T23:15:23-07:00,0,39
projects/projects.js,27,js,6d1b3973,Aryslanbek Vakilov,2025-10-31,23:15:23,-07:00,2025-10-31T23:15:23-07:00,0,59
projects/projects.js,28,js,844097cd,Aryslanbek Vakilov,2025-10-31,17:37:32,-07:00,2025-10-31T17:37:32-07:00,0,0
projects/projects.js,29,js,844097cd,Aryslanbek Vakilov,2025-10-31,17:37:32,-07:00,2025-10-31T17:37:32-07:00,0,1
projects/projects.js,30,js,6d1b3973,Aryslanbek Vakilov,2025-10-31,23:15:23,-07:00,2025-10-31T23:15:23-07:00,1,16
projects/projects.js,31,js,844097cd,Aryslanbek Vakilov,2025-10-31,17:37:32,-07:00,2025-10-31T17:37:32-07:00,1,14
projects/projects.js,32,js,6d1b3973,Aryslanbek Vakilov,2025-10-31,23:15:23,-07:00,2025-10-31T23:15:23-07:00,1,11
projects/projects.js,33,js,6d1b3973,Aryslanbek Vakilov,2025-10-31,23:15:23,-07:00,2025-10-31T23:15:23-07:00,1,13
projects/projects.js,34,js,6d1b3973,Aryslanbek Vakilov,2025-10-31,23:15:23,-07:00,2025-10-31T23:15:23-07:00,1,37
projects/projects.js,35,js,6d1b3973,Aryslanbek Vakilov,2025-10-31,23:15:23,-07:00,2025-10-31T23:15:23-07:00,1,21
projects/projects.js,36,js,6d1b3973,Aryslanbek Vakilov,2025-10-31,23:15:23,-07:00,2025-10-31T23:15:23-07:00,1,23
projects/projects.js,37,js,6d1b3973,Aryslanbek Vakilov,2025-10-31,23:15:23,-07:00,2025-10-31T23:15:23-07:00,0,0
projects/projects.js,38,js,d6e4dd85,Aryslanbek Vakilov,2025-10-31,23:26:09,-07:00,2025-10-31T23:26:09-07:00,0,17
projects/projects.js,39,js,6d1b3973,Aryslanbek Vakilov,2025-10-31,23:15:23,-07:00,2025-10-31T23:15:23-07:00,0,34
projects/projects.js,40,js,6d1b3973,Aryslanbek Vakilov,2025-10-31,23:15:23,-07:00,2025-10-31T23:15:23-07:00,0,4
projects/projects.js,41,js,6d1b3973,Aryslanbek Vakilov,2025-10-31,23:15:23,-07:00,2025-10-31T23:15:23-07:00,1,24
projects/projects.js,42,js,6d1b3973,Aryslanbek Vakilov,2025-10-31,23:15:23,-07:00,2025-10-31T23:15:23-07:00,1,9
projects/projects.js,43,js,6d1b3973,Aryslanbek Vakilov,2025-10-31,23:15:23,-07:00,2025-10-31T23:15:23-07:00,1,10
projects/projects.js,44,js,6d1b3973,Aryslanbek Vakilov,2025-10-31,23:15:23,-07:00,2025-10-31T23:15:23-07:00,1,27
projects/projects.js,45,js,6d1b3973,Aryslanbek Vakilov,2025-10-31,23:15:23,-07:00,2025-10-31T23:15:23-07:00,1,4
projects/projects.js,46,js,6d1b3973,Aryslanbek Vakilov,2025-10-31,23:15:23,-07:00,2025-10-31T23:15:23-07:00,2,2
projects/projects.js,47,js,6d1b3973,Aryslanbek Vakilov,2025-10-31,23:15:23,-07:00,2025-10-31T23:15:23-07:00,3,68
projects/projects.js,48,js,6d1b3973,Aryslanbek Vakilov,2025-10-31,23:15:23,-07:00,2025-10-31T23:15:23-07:00,3,41
projects/projects.js,49,js,6d1b3973,Aryslanbek Vakilov,2025-10-31,23:15:23,-07:00,2025-10-31T23:15:23-07:00,1,0
projects/index.html,1,html,992dcea1,Aryslanbek Vakilov,2025-10-10,00:41:05,-07:00,2025-10-10T00:41:05-07:00,0,13
projects/index.html,2,html,71c2a8b4,Aryslanbek Vakilov,2025-10-24,16:59:33,-07:00,2025-10-24T16:59:33-07:00,0,14
projects/index.html,3,html,992dcea1,Aryslanbek Vakilov,2025-10-10,00:41:05,-07:00,2025-10-10T00:41:05-07:00,0,4
projects/index.html,4,html,71c2a8b4,Aryslanbek Vakilov,2025-10-24,16:59:33,-07:00,2025-10-24T16:59:33-07:00,1,20
projects/index.html,5,html,71c2a8b4,Aryslanbek Vakilov,2025-10-24,16:59:33,-07:00,2025-10-24T16:59:33-07:00,1,68
projects/index.html,6,html,b1b58f71,Aryslanbek Vakilov,2025-10-31,17:01:42,-07:00,2025-10-31T17:01:42-07:00,1,24
projects/index.html,7,html,9df85182,Aryslanbek Vakilov,2025-10-31,23:15:16,-07:00,2025-10-31T23:15:16-07:00,1,41
projects/index.html,8,html,71c2a8b4,Aryslanbek Vakilov,2025-10-24,16:59:33,-07:00,2025-10-24T16:59:33-07:00,1,5
projects/index.html,9,html,9df85182,Aryslanbek Vakilov,2025-10-31,23:15:16,-07:00,2025-10-31T23:15:16-07:00,2,4
projects/index.html,10,html,9df85182,Aryslanbek Vakilov,2025-10-31,23:15:16,-07:00,2025-10-31T23:15:16-07:00,3,29
projects/index.html,11,html,9df85182,Aryslanbek Vakilov,2025-10-31,23:15:16,-07:00,2025-10-31T23:15:16-07:00,3,21
projects/index.html,12,html,9df85182,Aryslanbek Vakilov,2025-10-31,23:15:16,-07:00,2025-10-31T23:15:16-07:00,3,10
projects/index.html,13,html,9df85182,Aryslanbek Vakilov,2025-10-31,23:15:16,-07:00,2025-10-31T23:15:16-07:00,3,11
projects/index.html,14,html,9df85182,Aryslanbek Vakilov,2025-10-31,23:15:16,-07:00,2025-10-31T23:15:16-07:00,3,15
projects/index.html,15,html,9df85182,Aryslanbek Vakilov,2025-10-31,23:15:16,-07:00,2025-10-31T23:15:16-07:00,3,17
projects/index.html,16,html,9df85182,Aryslanbek Vakilov,2025-10-31,23:15:16,-07:00,2025-10-31T23:15:16-07:00,2,0
projects/index.html,17,html,9df85182,Aryslanbek Vakilov,2025-10-31,23:15:16,-07:00,2025-10-31T23:15:16-07:00,0,0
projects/index.html,18,html,9df85182,Aryslanbek Vakilov,2025-10-31,23:15:16,-07:00,2025-10-31T23:15:16-07:00,2,2
projects/index.html,19,html,9df85182,Aryslanbek Vakilov,2025-10-31,23:15:16,-07:00,2025-10-31T23:15:16-07:00,3,13
projects/index.html,20,html,9df85182,Aryslanbek Vakilov,2025-10-31,23:15:16,-07:00,2025-10-31T23:15:16-07:00,3,16
projects/index.html,21,html,9df85182,Aryslanbek Vakilov,2025-10-31,23:15:16,-07:00,2025-10-31T23:15:16-07:00,3,18
projects/index.html,22,html,9df85182,Aryslanbek Vakilov,2025-10-31,23:15:16,-07:00,2025-10-31T23:15:16-07:00,3,10
projects/index.html,23,html,9df85182,Aryslanbek Vakilov,2025-10-31,23:15:16,-07:00,2025-10-31T23:15:16-07:00,3,24
projects/index.html,24,html,9df85182,Aryslanbek Vakilov,2025-10-31,23:15:16,-07:00,2025-10-31T23:15:16-07:00,2,0
projects/index.html,25,html,9df85182,Aryslanbek Vakilov,2025-10-31,23:15:16,-07:00,2025-10-31T23:15:16-07:00,0,0
projects/index.html,26,html,9df85182,Aryslanbek Vakilov,2025-10-31,23:15:16,-07:00,2025-10-31T23:15:16-07:00,2,16
projects/index.html,27,html,9df85182,Aryslanbek Vakilov,2025-10-31,23:15:16,-07:00,2025-10-31T23:15:16-07:00,3,12
projects/index.html,28,html,9df85182,Aryslanbek Vakilov,2025-10-31,23:15:16,-07:00,2025-10-31T23:15:16-07:00,3,22
projects/index.html,29,html,9df85182,Aryslanbek Vakilov,2025-10-31,23:15:16,-07:00,2025-10-31T23:15:16-07:00,3,18
projects/index.html,30,html,9df85182,Aryslanbek Vakilov,2025-10-31,23:15:16,-07:00,2025-10-31T23:15:16-07:00,3,8
projects/index.html,31,html,9df85182,Aryslanbek Vakilov,2025-10-31,23:15:16,-07:00,2025-10-31T23:15:16-07:00,3,14
projects/index.html,32,html,9df85182,Aryslanbek Vakilov,2025-10-31,23:15:16,-07:00,2025-10-31T23:15:16-07:00,2,0
projects/index.html,33,html,9df85182,Aryslanbek Vakilov,2025-10-31,23:15:16,-07:00,2025-10-31T23:15:16-07:00,0,0
projects/index.html,34,html,9df85182,Aryslanbek Vakilov,2025-10-31,23:15:16,-07:00,2025-10-31T23:15:16-07:00,2,3
projects/index.html,35,html,9df85182,Aryslanbek Vakilov,2025-10-31,23:15:16,-07:00,2025-10-31T23:15:16-07:00,3,11
projects/index.html,36,html,9df85182,Aryslanbek Vakilov,2025-10-31,23:15:16,-07:00,2025-10-31T23:15:16-07:00,3,12
projects/index.html,37,html,9df85182,Aryslanbek Vakilov,2025-10-31,23:15:16,-07:00,2025-10-31T23:15:16-07:00,2,0
projects/index.html,38,html,9df85182,Aryslanbek Vakilov,2025-10-31,23:15:16,-07:00,2025-10-31T23:15:16-07:00,0,0
projects/index.html,39,html,9df85182,Aryslanbek Vakilov,2025-10-31,23:15:16,-07:00,2025-10-31T23:15:16-07:00,2,7
projects/index.html,40,html,9df85182,Aryslanbek Vakilov,2025-10-31,23:15:16,-07:00,2025-10-31T23:15:16-07:00,3,21
projects/index.html,41,html,9df85182,Aryslanbek Vakilov,2025-10-31,23:15:16,-07:00,2025-10-31T23:15:16-07:00,3,17
projects/index.html,42,html,9df85182,Aryslanbek Vakilov,2025-10-31,23:15:16,-07:00,2025-10-31T23:15:16-07:00,3,17
projects/index.html,43,html,9df85182,Aryslanbek Vakilov,2025-10-31,23:15:16,-07:00,2025-10-31T23:15:16-07:00,3,14
projects/index.html,44,html,9df85182,Aryslanbek Vakilov,2025-10-31,23:15:16,-07:00,2025-10-31T23:15:16-07:00,3,22
projects/index.html,45,html,9df85182,Aryslanbek Vakilov,2025-10-31,23:15:16,-07:00,2025-10-31T23:15:16-07:00,2,0
projects/index.html,46,html,9df85182,Aryslanbek Vakilov,2025-10-31,23:15:16,-07:00,2025-10-31T23:15:16-07:00,0,0
projects/index.html,47,html,9df85182,Aryslanbek Vakilov,2025-10-31,23:15:16,-07:00,2025-10-31T23:15:16-07:00,2,12
projects/index.html,48,html,9df85182,Aryslanbek Vakilov,2025-10-31,23:15:16,-07:00,2025-10-31T23:15:16-07:00,3,12
projects/index.html,49,html,9df85182,Aryslanbek Vakilov,2025-10-31,23:15:16,-07:00,2025-10-31T23:15:16-07:00,3,18
projects/index.html,50,html,9df85182,Aryslanbek Vakilov,2025-10-31,23:15:16,-07:00,2025-10-31T23:15:16-07:00,3,7
projects/index.html,51,html,9df85182,Aryslanbek Vakilov,2025-10-31,23:15:16,-07:00,2025-10-31T23:15:16-07:00,3,12
projects/index.html,52,html,9df85182,Aryslanbek Vakilov,2025-10-31,23:15:16,-07:00,2025-10-31T23:15:16-07:00,2,0
projects/index.html,53,html,9df85182,Aryslanbek Vakilov,2025-10-31,23:15:16,-07:00,2025-10-31T23:15:16-07:00,0,0
projects/index.html,54,html,9df85182,Aryslanbek Vakilov,2025-10-31,23:15:16,-07:00,2025-10-31T23:15:16-07:00,2,13
projects/index.html,55,html,9df85182,Aryslanbek Vakilov,2025-10-31,23:15:16,-07:00,2025-10-31T23:15:16-07:00,3,10
projects/index.html,56,html,9df85182,Aryslanbek Vakilov,2025-10-31,23:15:16,-07:00,2025-10-31T23:15:16-07:00,3,11
projects/index.html,57,html,9df85182,Aryslanbek Vakilov,2025-10-31,23:15:16,-07:00,2025-10-31T23:15:16-07:00,3,17
projects/index.html,58,html,9df85182,Aryslanbek Vakilov,2025-10-31,23:15:16,-07:00,2025-10-31T23:15:16-07:00,2,0
projects/index.html,59,html,71c2a8b4,Aryslanbek Vakilov,2025-10-24,16:59:33,-07:00,2025-10-24T16:59:33-07:00,1,6
projects/index.html,60,html,9df85182,Aryslanbek Vakilov,2025-10-31,23:15:16,-07:00,2025-10-31T23:15:16-07:00,1,53
projects/index.html,61,html,992dcea1,Aryslanbek Vakilov,2025-10-10,00:41:05,-07:00,2025-10-10T00:41:05-07:00,0,5
projects/index.html,62,html,71c2a8b4,Aryslanbek Vakilov,2025-10-24,16:59:33,-07:00,2025-10-24T16:59:33-07:00,0,0
projects/index.html,63,html,992dcea1,Aryslanbek Vakilov,2025-10-10,00:41:05,-07:00,2025-10-10T00:41:05-07:00,0,4
projects/index.html,64,html,9df85182,Aryslanbek Vakilov,2025-10-31,23:15:16,-07:00,2025-10-31T23:15:16-07:00,1,18
projects/index.html,65,html,9df85182,Aryslanbek Vakilov,2025-10-31,23:15:16,-07:00,2025-10-31T23:15:16-07:00,1,27
projects/index.html,66,html,9df85182,Aryslanbek Vakilov,2025-10-31,23:15:16,-07:00,2025-10-31T23:15:16-07:00,2,32
projects/index.html,67,html,9df85182,Aryslanbek Vakilov,2025-10-31,23:15:16,-07:00,2025-10-31T23:15:16-07:00,2,36
projects/index.html,68,html,9df85182,Aryslanbek Vakilov,2025-10-31,23:15:16,-07:00,2025-10-31T23:15:16-07:00,1,4
projects/index.html,69,html,992dcea1,Aryslanbek Vakilov,2025-10-10,00:41:05,-07:00,2025-10-10T00:41:05-07:00,0,5
projects/index.html,70,html,992dcea1,Aryslanbek Vakilov,2025-10-10,00:41:05,-07:00,2025-10-10T00:41:05-07:00,0,5
projects/contacts/index.html,1,html,b65c556d,Aryslanbek Vakilov,2025-10-10,00:25:45,-07:00,2025-10-10T00:25:45-07:00,0,13
projects/contacts/index.html,2,html,e97b7814,Aryslanbek Vakilov,2025-10-31,23:26:06,-07:00,2025-10-31T23:26:06-07:00,0,14
projects/contacts/index.html,3,html,b65c556d,Aryslanbek Vakilov,2025-10-10,00:25:45,-07:00,2025-10-10T00:25:45-07:00,0,4
projects/contacts/index.html,4,html,e97b7814,Aryslanbek Vakilov,2025-10-31,23:26:06,-07:00,2025-10-31T23:26:06-07:00,1,22
projects/contacts/index.html,5,html,e97b7814,Aryslanbek Vakilov,2025-10-31,23:26:06,-07:00,2025-10-31T23:26:06-07:00,1,70
projects/contacts/index.html,6,html,e97b7814,Aryslanbek Vakilov,2025-10-31,23:26:06,-07:00,2025-10-31T23:26:06-07:00,1,24
projects/contacts/index.html,7,html,e97b7814,Aryslanbek Vakilov,2025-10-31,23:26:06,-07:00,2025-10-31T23:26:06-07:00,1,43
projects/contacts/index.html,8,html,e97b7814,Aryslanbek Vakilov,2025-10-31,23:26:06,-07:00,2025-10-31T23:26:06-07:00,1,5
projects/contacts/index.html,9,html,e97b7814,Aryslanbek Vakilov,2025-10-31,23:26:06,-07:00,2025-10-31T23:26:06-07:00,2,4
projects/contacts/index.html,10,html,e97b7814,Aryslanbek Vakilov,2025-10-31,23:26:06,-07:00,2025-10-31T23:26:06-07:00,3,29
projects/contacts/index.html,11,html,e97b7814,Aryslanbek Vakilov,2025-10-31,23:26:06,-07:00,2025-10-31T23:26:06-07:00,3,21
projects/contacts/index.html,12,html,e97b7814,Aryslanbek Vakilov,2025-10-31,23:26:06,-07:00,2025-10-31T23:26:06-07:00,3,10
projects/contacts/index.html,13,html,e97b7814,Aryslanbek Vakilov,2025-10-31,23:26:06,-07:00,2025-10-31T23:26:06-07:00,3,8
projects/contacts/index.html,14,html,e97b7814,Aryslanbek Vakilov,2025-10-31,23:26:06,-07:00,2025-10-31T23:26:06-07:00,3,9
projects/contacts/index.html,15,html,e97b7814,Aryslanbek Vakilov,2025-10-31,23:26:06,-07:00,2025-10-31T23:26:06-07:00,3,15
projects/contacts/index.html,16,html,e97b7814,Aryslanbek Vakilov,2025-10-31,23:26:06,-07:00,2025-10-31T23:26:06-07:00,2,0
projects/contacts/index.html,17,html,e97b7814,Aryslanbek Vakilov,2025-10-31,23:26:06,-07:00,2025-10-31T23:26:06-07:00,0,0
projects/contacts/index.html,18,html,e97b7814,Aryslanbek Vakilov,2025-10-31,23:26:06,-07:00,2025-10-31T23:26:06-07:00,2,28
projects/contacts/index.html,19,html,e97b7814,Aryslanbek Vakilov,2025-10-31,23:26:06,-07:00,2025-10-31T23:26:06-07:00,2,3
projects/contacts/index.html,20,html,e97b7814,Aryslanbek Vakilov,2025-10-31,23:26:06,-07:00,2025-10-31T23:26:06-07:00,3,12
projects/contacts/index.html,21,html,e97b7814,Aryslanbek Vakilov,2025-10-31,23:26:06,-07:00,2025-10-31T23:26:06-07:00,3,22
projects/contacts/index.html,22,html,e97b7814,Aryslanbek Vakilov,2025-10-31,23:26:06,-07:00,2025-10-31T23:26:06-07:00,3,18
projects/contacts/index.html,23,html,e97b7814,Aryslanbek Vakilov,2025-10-31,23:26:06,-07:00,2025-10-31T23:26:06-07:00,3,21
projects/contacts/index.html,24,html,e97b7814,Aryslanbek Vakilov,2025-10-31,23:26:06,-07:00,2025-10-31T23:26:06-07:00,3,28
projects/contacts/index.html,25,html,e97b7814,Aryslanbek Vakilov,2025-10-31,23:26:06,-07:00,2025-10-31T23:26:06-07:00,3,14
projects/contacts/index.html,26,html,e97b7814,Aryslanbek Vakilov,2025-10-31,23:26:06,-07:00,2025-10-31T23:26:06-07:00,2,0
projects/contacts/index.html,27,html,e97b7814,Aryslanbek Vakilov,2025-10-31,23:26:06,-07:00,2025-10-31T23:26:06-07:00,0,0
projects/contacts/index.html,28,html,e97b7814,Aryslanbek Vakilov,2025-10-31,23:26:06,-07:00,2025-10-31T23:26:06-07:00,2,6
projects/contacts/index.html,29,html,e97b7814,Aryslanbek Vakilov,2025-10-31,23:26:06,-07:00,2025-10-31T23:26:06-07:00,3,15
projects/contacts/index.html,30,html,e97b7814,Aryslanbek Vakilov,2025-10-31,23:26:06,-07:00,2025-10-31T23:26:06-07:00,3,12
projects/contacts/index.html,31,html,e97b7814,Aryslanbek Vakilov,2025-10-31,23:26:06,-07:00,2025-10-31T23:26:06-07:00,3,8
projects/contacts/index.html,32,html,e97b7814,Aryslanbek Vakilov,2025-10-31,23:26:06,-07:00,2025-10-31T23:26:06-07:00,3,8
projects/contacts/index.html,33,html,e97b7814,Aryslanbek Vakilov,2025-10-31,23:26:06,-07:00,2025-10-31T23:26:06-07:00,3,9
projects/contacts/index.html,34,html,e97b7814,Aryslanbek Vakilov,2025-10-31,23:26:06,-07:00,2025-10-31T23:26:06-07:00,2,0
projects/contacts/index.html,35,html,e97b7814,Aryslanbek Vakilov,2025-10-31,23:26:06,-07:00,2025-10-31T23:26:06-07:00,0,0
projects/contacts/index.html,36,html,e97b7814,Aryslanbek Vakilov,2025-10-31,23:26:06,-07:00,2025-10-31T23:26:06-07:00,2,5
projects/contacts/index.html,37,html,e97b7814,Aryslanbek Vakilov,2025-10-31,23:26:06,-07:00,2025-10-31T23:26:06-07:00,3,10
projects/contacts/index.html,38,html,e97b7814,Aryslanbek Vakilov,2025-10-31,23:26:06,-07:00,2025-10-31T23:26:06-07:00,3,20
projects/contacts/index.html,39,html,e97b7814,Aryslanbek Vakilov,2025-10-31,23:26:06,-07:00,2025-10-31T23:26:06-07:00,3,15
projects/contacts/index.html,40,html,e97b7814,Aryslanbek Vakilov,2025-10-31,23:26:06,-07:00,2025-10-31T23:26:06-07:00,3,14
projects/contacts/index.html,41,html,e97b7814,Aryslanbek Vakilov,2025-10-31,23:26:06,-07:00,2025-10-31T23:26:06-07:00,3,18
projects/contacts/index.html,42,html,e97b7814,Aryslanbek Vakilov,2025-10-31,23:26:06,-07:00,2025-10-31T23:26:06-07:00,2,0
projects/contacts/index.html,43,html,e97b7814,Aryslanbek Vakilov,2025-10-31,23:26:06,-07:00,2025-10-31T23:26:06-07:00,0,0
projects/contacts/index.html,44,html,e97b7814,Aryslanbek Vakilov,2025-10-31,23:26:06,-07:00,2025-10-31T23:26:06-07:00,2,12
projects/contacts/index.html,45,html,e97b7814,Aryslanbek Vakilov,2025-10-31,23:26:06,-07:00,2025-10-31T23:26:06-07:00,3,28
projects/contacts/index.html,46,html,e97b7814,Aryslanbek Vakilov,2025-10-31,23:26:06,-07:00,2025-10-31T23:26:06-07:00,2,0
projects/contacts/index.html,47,html,d2d70d44,Aryslanbek Vakilov,2025-10-10,17:40:34,-07:00,2025-10-10T17:40:34-07:00,0,0
projects/contacts/index.html,48,html,e97b7814,Aryslanbek Vakilov,2025-10-31,23:26:06,-07:00,2025-10-31T23:26:06-07:00,2,11
projects/contacts/index.html,49,html,e97b7814,Aryslanbek Vakilov,2025-10-31,23:26:06,-07:00,2025-10-31T23:26:06-07:00,3,10
projects/contacts/index.html,50,html,e97b7814,Aryslanbek Vakilov,2025-10-31,23:26:06,-07:00,2025-10-31T23:26:06-07:00,2,0
projects/contacts/index.html,51,html,d2d70d44,Aryslanbek Vakilov,2025-10-10,17:40:34,-07:00,2025-10-10T17:40:34-07:00,0,0
projects/contacts/index.html,52,html,e97b7814,Aryslanbek Vakilov,2025-10-31,23:26:06,-07:00,2025-10-31T23:26:06-07:00,2,25
projects/contacts/index.html,53,html,e97b7814,Aryslanbek Vakilov,2025-10-31,23:26:06,-07:00,2025-10-31T23:26:06-07:00,2,4
projects/contacts/index.html,54,html,e97b7814,Aryslanbek Vakilov,2025-10-31,23:26:06,-07:00,2025-10-31T23:26:06-07:00,3,16
projects/contacts/index.html,55,html,e97b7814,Aryslanbek Vakilov,2025-10-31,23:26:06,-07:00,2025-10-31T23:26:06-07:00,3,16
projects/contacts/index.html,56,html,e97b7814,Aryslanbek Vakilov,2025-10-31,23:26:06,-07:00,2025-10-31T23:26:06-07:00,3,17
projects/contacts/index.html,57,html,e97b7814,Aryslanbek Vakilov,2025-10-31,23:26:06,-07:00,2025-10-31T23:26:06-07:00,3,14
projects/contacts/index.html,58,html,e97b7814,Aryslanbek Vakilov,2025-10-31,23:26:06,-07:00,2025-10-31T23:26:06-07:00,2,0
projects/contacts/index.html,59,html,d2d70d44,Aryslanbek Vakilov,2025-10-10,17:40:34,-07:00,2025-10-10T17:40:34-07:00,0,0
projects/contacts/index.html,60,html,e97b7814,Aryslanbek Vakilov,2025-10-31,23:26:06,-07:00,2025-10-31T23:26:06-07:00,2,2
projects/contacts/index.html,61,html,e97b7814,Aryslanbek Vakilov,2025-10-31,23:26:06,-07:00,2025-10-31T23:26:06-07:00,3,13
projects/contacts/index.html,62,html,e97b7814,Aryslanbek Vakilov,2025-10-31,23:26:06,-07:00,2025-10-31T23:26:06-07:00,3,16
projects/contacts/index.html,63,html,e97b7814,Aryslanbek Vakilov,2025-10-31,23:26:06,-07:00,2025-10-31T23:26:06-07:00,3,18
projects/contacts/index.html,64,html,e97b7814,Aryslanbek Vakilov,2025-10-31,23:26:06,-07:00,2025-10-31T23:26:06-07:00,3,24
projects/contacts/index.html,65,html,e97b7814,Aryslanbek Vakilov,2025-10-31,23:26:06,-07:00,2025-10-31T23:26:06-07:00,2,0
projects/contacts/index.html,66,html,d2d70d44,Aryslanbek Vakilov,2025-10-10,17:40:34,-07:00,2025-10-10T17:40:34-07:00,0,0
projects/contacts/index.html,67,html,e97b7814,Aryslanbek Vakilov,2025-10-31,23:26:06,-07:00,2025-10-31T23:26:06-07:00,2,27
projects/contacts/index.html,68,html,e97b7814,Aryslanbek Vakilov,2025-10-31,23:26:06,-07:00,2025-10-31T23:26:06-07:00,2,16
projects/contacts/index.html,69,html,e97b7814,Aryslanbek Vakilov,2025-10-31,23:26:06,-07:00,2025-10-31T23:26:06-07:00,3,12
projects/contacts/index.html,70,html,e97b7814,Aryslanbek Vakilov,2025-10-31,23:26:06,-07:00,2025-10-31T23:26:06-07:00,3,22
projects/contacts/index.html,71,html,e97b7814,Aryslanbek Vakilov,2025-10-31,23:26:06,-07:00,2025-10-31T23:26:06-07:00,3,18
projects/contacts/index.html,72,html,e97b7814,Aryslanbek Vakilov,2025-10-31,23:26:06,-07:00,2025-10-31T23:26:06-07:00,3,8
projects/contacts/index.html,73,html,e97b7814,Aryslanbek Vakilov,2025-10-31,23:26:06,-07:00,2025-10-31T23:26:06-07:00,3,14
projects/contacts/index.html,74,html,e97b7814,Aryslanbek Vakilov,2025-10-31,23:26:06,-07:00,2025-10-31T23:26:06-07:00,2,0
projects/contacts/index.html,75,html,d2d70d44,Aryslanbek Vakilov,2025-10-10,17:40:34,-07:00,2025-10-10T17:40:34-07:00,0,0
projects/contacts/index.html,76,html,e97b7814,Aryslanbek Vakilov,2025-10-31,23:26:06,-07:00,2025-10-31T23:26:06-07:00,2,3
projects/contacts/index.html,77,html,e97b7814,Aryslanbek Vakilov,2025-10-31,23:26:06,-07:00,2025-10-31T23:26:06-07:00,3,11
projects/contacts/index.html,78,html,e97b7814,Aryslanbek Vakilov,2025-10-31,23:26:06,-07:00,2025-10-31T23:26:06-07:00,3,12
projects/contacts/index.html,79,html,e97b7814,Aryslanbek Vakilov,2025-10-31,23:26:06,-07:00,2025-10-31T23:26:06-07:00,2,0
projects/contacts/index.html,80,html,e97b7814,Aryslanbek Vakilov,2025-10-31,23:26:06,-07:00,2025-10-31T23:26:06-07:00,0,0
projects/contacts/index.html,81,html,e97b7814,Aryslanbek Vakilov,2025-10-31,23:26:06,-07:00,2025-10-31T23:26:06-07:00,2,7
projects/contacts/index.html,82,html,e97b7814,Aryslanbek Vakilov,2025-10-31,23:26:06,-07:00,2025-10-31T23:26:06-07:00,3,21
projects/contacts/index.html,83,html,e97b7814,Aryslanbek Vakilov,2025-10-31,23:26:06,-07:00,2025-10-31T23:26:06-07:00,3,17
projects/contacts/index.html,84,html,e97b7814,Aryslanbek Vakilov,2025-10-31,23:26:06,-07:00,2025-10-31T23:26:06-07:00,3,17
projects/contacts/index.html,85,html,e97b7814,Aryslanbek Vakilov,2025-10-31,23:26:06,-07:00,2025-10-31T23:26:06-07:00,3,14
projects/contacts/index.html,86,html,e97b7814,Aryslanbek Vakilov,2025-10-31,23:26:06,-07:00,2025-10-31T23:26:06-07:00,3,22
projects/contacts/index.html,87,html,e97b7814,Aryslanbek Vakilov,2025-10-31,23:26:06,-07:00,2025-10-31T23:26:06-07:00,3,15
projects/contacts/index.html,88,html,e97b7814,Aryslanbek Vakilov,2025-10-31,23:26:06,-07:00,2025-10-31T23:26:06-07:00,2,0
projects/contacts/index.html,89,html,e97b7814,Aryslanbek Vakilov,2025-10-31,23:26:06,-07:00,2025-10-31T23:26:06-07:00,0,0
projects/contacts/index.html,90,html,e97b7814,Aryslanbek Vakilov,2025-10-31,23:26:06,-07:00,2025-10-31T23:26:06-07:00,2,12
projects/contacts/index.html,91,html,e97b7814,Aryslanbek Vakilov,2025-10-31,23:26:06,-07:00,2025-10-31T23:26:06-07:00,3,12
projects/contacts/index.html,92,html,e97b7814,Aryslanbek Vakilov,2025-10-31,23:26:06,-07:00,2025-10-31T23:26:06-07:00,3,18
projects/contacts/index.html,93,html,e97b7814,Aryslanbek Vakilov,2025-10-31,23:26:06,-07:00,2025-10-31T23:26:06-07:00,3,7
projects/contacts/index.html,94,html,e97b7814,Aryslanbek Vakilov,2025-10-31,23:26:06,-07:00,2025-10-31T23:26:06-07:00,3,12
projects/contacts/index.html,95,html,e97b7814,Aryslanbek Vakilov,2025-10-31,23:26:06,-07:00,2025-10-31T23:26:06-07:00,2,0
projects/contacts/index.html,96,html,e97b7814,Aryslanbek Vakilov,2025-10-31,23:26:06,-07:00,2025-10-31T23:26:06-07:00,0,0
projects/contacts/index.html,97,html,e97b7814,Aryslanbek Vakilov,2025-10-31,23:26:06,-07:00,2025-10-31T23:26:06-07:00,2,13
projects/contacts/index.html,98,html,e97b7814,Aryslanbek Vakilov,2025-10-31,23:26:06,-07:00,2025-10-31T23:26:06-07:00,3,10
projects/contacts/index.html,99,html,e97b7814,Aryslanbek Vakilov,2025-10-31,23:26:06,-07:00,2025-10-31T23:26:06-07:00,3,11
projects/contacts/index.html,100,html,e97b7814,Aryslanbek Vakilov,2025-10-31,23:26:06,-07:00,2025-10-31T23:26:06-07:00,3,17
projects/contacts/index.html,101,html,e97b7814,Aryslanbek Vakilov,2025-10-31,23:26:06,-07:00,2025-10-31T23:26:06-07:00,2,0
projects/contacts/index.html,102,html,e97b7814,Aryslanbek Vakilov,2025-10-31,23:26:06,-07:00,2025-10-31T23:26:06-07:00,1,6
projects/contacts/index.html,103,html,e97b7814,Aryslanbek Vakilov,2025-10-31,23:26:06,-07:00,2025-10-31T23:26:06-07:00,1,53
projects/contacts/index.html,104,html,e97b7814,Aryslanbek Vakilov,2025-10-31,23:26:06,-07:00,2025-10-31T23:26:06-07:00,0,5
projects/contacts/index.html,105,html,e97b7814,Aryslanbek Vakilov,2025-10-31,23:26:06,-07:00,2025-10-31T23:26:06-07:00,0,0
projects/contacts/index.html,106,html,e97b7814,Aryslanbek Vakilov,2025-10-31,23:26:06,-07:00,2025-10-31T23:26:06-07:00,0,4
projects/contacts/index.html,107,html,e97b7814,Aryslanbek Vakilov,2025-10-31,23:26:06,-07:00,2025-10-31T23:26:06-07:00,1,31
projects/contacts/index.html,108,html,e97b7814,Aryslanbek Vakilov,2025-10-31,23:26:06,-07:00,2025-10-31T23:26:06-07:00,1,3
projects/contacts/index.html,109,html,e97b7814,Aryslanbek Vakilov,2025-10-31,23:26:06,-07:00,2025-10-31T23:26:06-07:00,2,2
projects/contacts/index.html,110,html,e97b7814,Aryslanbek Vakilov,2025-10-31,23:26:06,-07:00,2025-10-31T23:26:06-07:00,3,39
projects/contacts/index.html,111,html,e97b7814,Aryslanbek Vakilov,2025-10-31,23:26:06,-07:00,2025-10-31T23:26:06-07:00,3,53
projects/contacts/index.html,112,html,e97b7814,Aryslanbek Vakilov,2025-10-31,23:26:06,-07:00,2025-10-31T23:26:06-07:00,3,71
projects/contacts/index.html,113,html,e97b7814,Aryslanbek Vakilov,2025-10-31,23:26:06,-07:00,2025-10-31T23:26:06-07:00,3,50
projects/contacts/index.html,114,html,e97b7814,Aryslanbek Vakilov,2025-10-31,23:26:06,-07:00,2025-10-31T23:26:06-07:00,3,48
projects/contacts/index.html,115,html,e97b7814,Aryslanbek Vakilov,2025-10-31,23:26:06,-07:00,2025-10-31T23:26:06-07:00,3,75
projects/contacts/index.html,116,html,e97b7814,Aryslanbek Vakilov,2025-10-31,23:26:06,-07:00,2025-10-31T23:26:06-07:00,2,3
projects/contacts/index.html,117,html,e97b7814,Aryslanbek Vakilov,2025-10-31,23:26:06,-07:00,2025-10-31T23:26:06-07:00,1,4
projects/contacts/index.html,118,html,d2d70d44,Aryslanbek Vakilov,2025-10-10,17:40:34,-07:00,2025-10-10T17:40:34-07:00,0,0
projects/contacts/index.html,119,html,e97b7814,Aryslanbek Vakilov,2025-10-31,23:26:06,-07:00,2025-10-31T23:26:06-07:00,1,29
projects/contacts/index.html,120,html,e97b7814,Aryslanbek Vakilov,2025-10-31,23:26:06,-07:00,2025-10-31T23:26:06-07:00,1,4
projects/contacts/index.html,121,html,e97b7814,Aryslanbek Vakilov,2025-10-31,23:26:06,-07:00,2025-10-31T23:26:06-07:00,2,18
projects/contacts/index.html,122,html,e97b7814,Aryslanbek Vakilov,2025-10-31,23:26:06,-07:00,2025-10-31T23:26:06-07:00,2,27
projects/contacts/index.html,123,html,e97b7814,Aryslanbek Vakilov,2025-10-31,23:26:06,-07:00,2025-10-31T23:26:06-07:00,3,32
projects/contacts/index.html,124,html,e97b7814,Aryslanbek Vakilov,2025-10-31,23:26:06,-07:00,2025-10-31T23:26:06-07:00,3,36
projects/contacts/index.html,125,html,e97b7814,Aryslanbek Vakilov,2025-10-31,23:26:06,-07:00,2025-10-31T23:26:06-07:00,2,4
projects/contacts/index.html,126,html,e97b7814,Aryslanbek Vakilov,2025-10-31,23:26:06,-07:00,2025-10-31T23:26:06-07:00,1,5
projects/contacts/index.html,127,html,b65c556d,Aryslanbek Vakilov,2025-10-10,00:25:45,-07:00,2025-10-10T00:25:45-07:00,0,5
projects/contacts/index.html,128,html,e97b7814,Aryslanbek Vakilov,2025-10-31,23:26:06,-07:00,2025-10-31T23:26:06-07:00,0,5
meta/meta.css,1,css,5a7cdca5,Aryslanbek Vakilov,2025-11-07,15:57:18,-08:00,2025-11-07T15:57:18-08:00,0,22
meta/meta.css,2,css,6a9c3feb,Aryslanbek Vakilov,2025-11-07,15:50:34,-08:00,2025-11-07T15:50:34-08:00,0,4
meta/meta.css,3,css,6a9c3feb,Aryslanbek Vakilov,2025-11-07,15:50:34,-08:00,2025-11-07T15:50:34-08:00,2,8
meta/meta.css,4,css,6a9c3feb,Aryslanbek Vakilov,2025-11-07,15:50:34,-08:00,2025-11-07T15:50:34-08:00,2,58
meta/meta.css,5,css,6a9c3feb,Aryslanbek Vakilov,2025-11-07,15:50:34,-08:00,2025-11-07T15:50:34-08:00,2,22
meta/meta.css,6,css,6a9c3feb,Aryslanbek Vakilov,2025-11-07,15:50:34,-08:00,2025-11-07T15:50:34-08:00,2,11
meta/meta.css,7,css,6a9c3feb,Aryslanbek Vakilov,2025-11-07,15:50:34,-08:00,2025-11-07T15:50:34-08:00,1,0
meta/meta.css,8,css,6a9c3feb,Aryslanbek Vakilov,2025-11-07,15:50:34,-08:00,2025-11-07T15:50:34-08:00,1,0
meta/meta.css,9,css,5a7cdca5,Aryslanbek Vakilov,2025-11-07,15:57:18,-08:00,2025-11-07T15:57:18-08:00,1,26
meta/meta.css,10,css,5a7cdca5,Aryslanbek Vakilov,2025-11-07,15:57:18,-08:00,2025-11-07T15:57:18-08:00,1,7
meta/meta.css,11,css,5a7cdca5,Aryslanbek Vakilov,2025-11-07,15:57:18,-08:00,2025-11-07T15:57:18-08:00,2,10
meta/meta.css,12,css,5a7cdca5,Aryslanbek Vakilov,2025-11-07,15:57:18,-08:00,2025-11-07T15:57:18-08:00,2,31
meta/meta.css,13,css,5a7cdca5,Aryslanbek Vakilov,2025-11-07,15:57:18,-08:00,2025-11-07T15:57:18-08:00,2,17
meta/meta.css,14,css,5a7cdca5,Aryslanbek Vakilov,2025-11-07,15:57:18,-08:00,2025-11-07T15:57:18-08:00,2,14
meta/meta.css,15,css,5a7cdca5,Aryslanbek Vakilov,2025-11-07,15:57:18,-08:00,2025-11-07T15:57:18-08:00,1,0
meta/meta.css,16,css,5a7cdca5,Aryslanbek Vakilov,2025-11-07,15:57:18,-08:00,2025-11-07T15:57:18-08:00,1,0
meta/meta.css,17,css,5a7cdca5,Aryslanbek Vakilov,2025-11-07,15:57:18,-08:00,2025-11-07T15:57:18-08:00,1,10
meta/meta.css,18,css,5a7cdca5,Aryslanbek Vakilov,2025-11-07,15:57:18,-08:00,2025-11-07T15:57:18-08:00,2,15
meta/meta.css,19,css,5a7cdca5,Aryslanbek Vakilov,2025-11-07,15:57:18,-08:00,2025-11-07T15:57:18-08:00,2,9
meta/meta.css,20,css,5a7cdca5,Aryslanbek Vakilov,2025-11-07,15:57:18,-08:00,2025-11-07T15:57:18-08:00,2,8
meta/meta.css,21,css,5a7cdca5,Aryslanbek Vakilov,2025-11-07,15:57:18,-08:00,2025-11-07T15:57:18-08:00,2,19
meta/meta.css,22,css,5a7cdca5,Aryslanbek Vakilov,2025-11-07,15:57:18,-08:00,2025-11-07T15:57:18-08:00,2,8
meta/meta.css,23,css,5a7cdca5,Aryslanbek Vakilov,2025-11-07,15:57:18,-08:00,2025-11-07T15:57:18-08:00,1,0
meta/meta.css,24,css,5a7cdca5,Aryslanbek Vakilov,2025-11-07,15:57:18,-08:00,2025-11-07T15:57:18-08:00,1,0
meta/meta.css,25,css,5a7cdca5,Aryslanbek Vakilov,2025-11-07,15:57:18,-08:00,2025-11-07T15:57:18-08:00,1,9
meta/meta.css,26,css,5a7cdca5,Aryslanbek Vakilov,2025-11-07,15:57:18,-08:00,2025-11-07T15:57:18-08:00,2,20
meta/meta.css,27,css,5a7cdca5,Aryslanbek Vakilov,2025-11-07,15:57:18,-08:00,2025-11-07T15:57:18-08:00,2,11
meta/meta.css,28,css,5a7cdca5,Aryslanbek Vakilov,2025-11-07,15:57:18,-08:00,2025-11-07T15:57:18-08:00,2,14
meta/meta.css,29,css,5a7cdca5,Aryslanbek Vakilov,2025-11-07,15:57:18,-08:00,2025-11-07T15:57:18-08:00,2,15
meta/meta.css,30,css,5a7cdca5,Aryslanbek Vakilov,2025-11-07,15:57:18,-08:00,2025-11-07T15:57:18-08:00,2,17
meta/meta.css,31,css,5a7cdca5,Aryslanbek Vakilov,2025-11-07,15:57:18,-08:00,2025-11-07T15:57:18-08:00,2,18
meta/meta.css,32,css,5a7cdca5,Aryslanbek Vakilov,2025-11-07,15:57:18,-08:00,2025-11-07T15:57:18-08:00,1,0
meta/meta.css,33,css,5a7cdca5,Aryslanbek Vakilov,2025-11-07,15:57:18,-08:00,2025-11-07T15:57:18-08:00,1,0
meta/meta.css,34,css,5a7cdca5,Aryslanbek Vakilov,2025-11-07,15:57:18,-08:00,2025-11-07T15:57:18-08:00,1,15
meta/meta.css,35,css,5a7cdca5,Aryslanbek Vakilov,2025-11-07,15:57:18,-08:00,2025-11-07T15:57:18-08:00,2,10
meta/meta.css,36,css,5a7cdca5,Aryslanbek Vakilov,2025-11-07,15:57:18,-08:00,2025-11-07T15:57:18-08:00,1,0
meta/meta.css,37,css,5a7cdca5,Aryslanbek Vakilov,2025-11-07,15:57:18,-08:00,2025-11-07T15:57:18-08:00,1,0
meta/meta.css,38,css,5a7cdca5,Aryslanbek Vakilov,2025-11-07,15:57:18,-08:00,2025-11-07T15:57:18-08:00,1,16
meta/meta.css,39,css,5a7cdca5,Aryslanbek Vakilov,2025-11-07,15:57:18,-08:00,2025-11-07T15:57:18-08:00,2,15
meta/meta.css,40,css,5a7cdca5,Aryslanbek Vakilov,2025-11-07,15:57:18,-08:00,2025-11-07T15:57:18-08:00,1,0
meta/meta.css,41,css,5a7cdca5,Aryslanbek Vakilov,2025-11-07,15:57:18,-08:00,2025-11-07T15:57:18-08:00,1,0
meta/meta.css,42,css,5a7cdca5,Aryslanbek Vakilov,2025-11-07,15:57:18,-08:00,2025-11-07T15:57:18-08:00,1,23
meta/meta.css,43,css,5a7cdca5,Aryslanbek Vakilov,2025-11-07,15:57:18,-08:00,2025-11-07T15:57:18-08:00,2,10
meta/meta.css,44,css,5a7cdca5,Aryslanbek Vakilov,2025-11-07,15:57:18,-08:00,2025-11-07T15:57:18-08:00,2,17
meta/meta.css,45,css,5a7cdca5,Aryslanbek Vakilov,2025-11-07,15:57:18,-08:00,2025-11-07T15:57:18-08:00,2,6
meta/meta.css,46,css,5a7cdca5,Aryslanbek Vakilov,2025-11-07,15:57:18,-08:00,2025-11-07T15:57:18-08:00,2,8
meta/meta.css,47,css,5a7cdca5,Aryslanbek Vakilov,2025-11-07,15:57:18,-08:00,2025-11-07T15:57:18-08:00,2,10
meta/meta.css,48,css,5a7cdca5,Aryslanbek Vakilov,2025-11-07,15:57:18,-08:00,2025-11-07T15:57:18-08:00,2,10
meta/meta.css,49,css,5a7cdca5,Aryslanbek Vakilov,2025-11-07,15:57:18,-08:00,2025-11-07T15:57:18-08:00,2,24
meta/meta.css,50,css,5a7cdca5,Aryslanbek Vakilov,2025-11-07,15:57:18,-08:00,2025-11-07T15:57:18-08:00,1,0
meta/meta.css,51,css,5a7cdca5,Aryslanbek Vakilov,2025-11-07,15:57:18,-08:00,2025-11-07T15:57:18-08:00,1,0
meta/meta.css,52,css,5a7cdca5,Aryslanbek Vakilov,2025-11-07,15:57:18,-08:00,2025-11-07T15:57:18-08:00,1,24
meta/meta.css,53,css,6a9c3feb,Aryslanbek Vakilov,2025-11-07,15:50:34,-08:00,2025-11-07T15:50:34-08:00,1,10
meta/meta.css,54,css,6a9c3feb,Aryslanbek Vakilov,2025-11-07,15:50:34,-08:00,2025-11-07T15:50:34-08:00,2,18
meta/meta.css,55,css,6a9c3feb,Aryslanbek Vakilov,2025-11-07,15:50:34,-08:00,2025-11-07T15:50:34-08:00,1,0
meta/meta.css,56,css,6a9c3feb,Aryslanbek Vakilov,2025-11-07,15:50:34,-08:00,2025-11-07T15:50:34-08:00,1,0
meta/meta.css,57,css,6a9c3feb,Aryslanbek Vakilov,2025-11-07,15:50:34,-08:00,2025-11-07T15:50:34-08:00,1,13
meta/meta.css,58,css,6a9c3feb,Aryslanbek Vakilov,2025-11-07,15:50:34,-08:00,2025-11-07T15:50:34-08:00,2,14
meta/meta.css,59,css,6a9c3feb,Aryslanbek Vakilov,2025-11-07,15:50:34,-08:00,2025-11-07T15:50:34-08:00,2,15
meta/meta.css,60,css,6a9c3feb,Aryslanbek Vakilov,2025-11-07,15:50:34,-08:00,2025-11-07T15:50:34-08:00,2,17
meta/meta.css,61,css,6a9c3feb,Aryslanbek Vakilov,2025-11-07,15:50:34,-08:00,2025-11-07T15:50:34-08:00,1,0
meta/meta.css,62,css,6a9c3feb,Aryslanbek Vakilov,2025-11-07,15:50:34,-08:00,2025-11-07T15:50:34-08:00,1,0
meta/meta.css,63,css,6a9c3feb,Aryslanbek Vakilov,2025-11-07,15:50:34,-08:00,2025-11-07T15:50:34-08:00,1,12
meta/meta.css,64,css,6a9c3feb,Aryslanbek Vakilov,2025-11-07,15:50:34,-08:00,2025-11-07T15:50:34-08:00,2,14
meta/meta.css,65,css,6a9c3feb,Aryslanbek Vakilov,2025-11-07,15:50:34,-08:00,2025-11-07T15:50:34-08:00,2,15
meta/meta.css,66,css,6a9c3feb,Aryslanbek Vakilov,2025-11-07,15:50:34,-08:00,2025-11-07T15:50:34-08:00,1,0
meta/meta.css,67,css,6a9c3feb,Aryslanbek Vakilov,2025-11-07,15:50:34,-08:00,2025-11-07T15:50:34-08:00,1,0
meta/index.html,1,html,723c6af6,Aryslanbek Vakilov,2025-11-07,15:48:23,-08:00,2025-11-07T15:48:23-08:00,0,13
meta/index.html,2,html,723c6af6,Aryslanbek Vakilov,2025-11-07,15:48:23,-08:00,2025-11-07T15:48:23-08:00,0,14
meta/index.html,3,html,723c6af6,Aryslanbek Vakilov,2025-11-07,15:48:23,-08:00,2025-11-07T15:48:23-08:00,0,4
meta/index.html,4,html,723c6af6,Aryslanbek Vakilov,2025-11-07,15:48:23,-08:00,2025-11-07T15:48:23-08:00,1,20
meta/index.html,5,html,723c6af6,Aryslanbek Vakilov,2025-11-07,15:48:23,-08:00,2025-11-07T15:48:23-08:00,1,68
meta/index.html,6,html,723c6af6,Aryslanbek Vakilov,2025-11-07,15:48:23,-08:00,2025-11-07T15:48:23-08:00,1,17
meta/index.html,7,html,723c6af6,Aryslanbek Vakilov,2025-11-07,15:48:23,-08:00,2025-11-07T15:48:23-08:00,1,37
meta/index.html,8,html,723c6af6,Aryslanbek Vakilov,2025-11-07,15:48:23,-08:00,2025-11-07T15:48:23-08:00,0,5
meta/index.html,9,html,723c6af6,Aryslanbek Vakilov,2025-11-07,15:48:23,-08:00,2025-11-07T15:48:23-08:00,0,4
meta/index.html,10,html,1ca96b2f,Aryslanbek Vakilov,2025-11-07,15:57:15,-08:00,2025-11-07T15:57:15-08:00,0,0
meta/index.html,11,html,1ca96b2f,Aryslanbek Vakilov,2025-11-07,15:57:15,-08:00,2025-11-07T15:57:15-08:00,0,21
meta/index.html,12,html,1ca96b2f,Aryslanbek Vakilov,2025-11-07,15:57:15,-08:00,2025-11-07T15:57:15-08:00,0,18
meta/index.html,13,html,1ca96b2f,Aryslanbek Vakilov,2025-11-07,15:57:15,-08:00,2025-11-07T15:57:15-08:00,2,2
meta/index.html,14,html,1ca96b2f,Aryslanbek Vakilov,2025-11-07,15:57:15,-08:00,2025-11-07T15:57:15-08:00,3,39
meta/index.html,15,html,1ca96b2f,Aryslanbek Vakilov,2025-11-07,15:57:15,-08:00,2025-11-07T15:57:15-08:00,3,52
meta/index.html,16,html,1ca96b2f,Aryslanbek Vakilov,2025-11-07,15:57:15,-08:00,2025-11-07T15:57:15-08:00,3,29
meta/index.html,17,html,1ca96b2f,Aryslanbek Vakilov,2025-11-07,15:57:15,-08:00,2025-11-07T15:57:15-08:00,3,44
meta/index.html,18,html,1ca96b2f,Aryslanbek Vakilov,2025-11-07,15:57:15,-08:00,2025-11-07T15:57:15-08:00,3,50
meta/index.html,19,html,1ca96b2f,Aryslanbek Vakilov,2025-11-07,15:57:15,-08:00,2025-11-07T15:57:15-08:00,3,62
meta/index.html,20,html,1ca96b2f,Aryslanbek Vakilov,2025-11-07,15:57:15,-08:00,2025-11-07T15:57:15-08:00,2,3
meta/index.html,21,html,1ca96b2f,Aryslanbek Vakilov,2025-11-07,15:57:15,-08:00,2025-11-07T15:57:15-08:00,1,4
meta/index.html,22,html,1ca96b2f,Aryslanbek Vakilov,2025-11-07,15:57:15,-08:00,2025-11-07T15:57:15-08:00,0,0
meta/index.html,23,html,723c6af6,Aryslanbek Vakilov,2025-11-07,15:48:23,-08:00,2025-11-07T15:48:23-08:00,1,25
meta/index.html,24,html,723c6af6,Aryslanbek Vakilov,2025-11-07,15:48:23,-08:00,2025-11-07T15:48:23-08:00,2,11
meta/index.html,25,html,723c6af6,Aryslanbek Vakilov,2025-11-07,15:48:23,-08:00,2025-11-07T15:48:23-08:00,2,61
meta/index.html,26,html,723c6af6,Aryslanbek Vakilov,2025-11-07,15:48:23,-08:00,2025-11-07T15:48:23-08:00,1,8
meta/index.html,27,html,723c6af6,Aryslanbek Vakilov,2025-11-07,15:48:23,-08:00,2025-11-07T15:48:23-08:00,0,5
meta/index.html,28,html,723c6af6,Aryslanbek Vakilov,2025-11-07,15:48:23,-08:00,2025-11-07T15:48:23-08:00,0,5
